iso2,iso3,name,gross_All emissions,gross_All transport emissions,gross_Domestic aviation,gross_Domestic shipping,gross_International aviation,gross_International shipping,gross_Railways,gross_Road transportation,percapita_All emissions,percapita_All transport emissions,percapita_Domestic aviation,percapita_Domestic shipping,percapita_International aviation,percapita_International shipping,percapita_Railways,percapita_Road transportation
MG,MDG,Madagascar,38932399.27613881,1670389.5573012219,14819.868605790036,102997.22959971456,113898.47206524387,182532.85181147346,0,1256141.135219,1314.763450576985,56.40975585882067,0.5004731778035556,3.4782596373757544,3.8463991670743503,6.164210954201215,0,42.42041292236579
PW,PLW,Palau,1343095.8213968053,663751.7976071503,0,1113.3852122082776,6296.182602814253,9866.669639127731,0,614477.596883,74389.13438918888,36762.76918344782,0,61.66630917797162,348.72238176761306,546.4785178137763,0,34033.65255513708
BM,BMU,Bermuda,996769.5417384346,432531.23406243464,0,55350.01486746112,87996.11431899521,187248.6766019783,0,96983.353076,15529.875697034067,6738.926119631601,0,862.3646838380456,1370.9976679389756,2917.373124173911,0,1511.0207072790727
PS,PSE,Palestinian Territories,3355268.529838201,2317139.361847638,0,,0,,0,2317139.361847638,639.0900029253315,441.35382559470384,0,,0,,0,441.35382559470384
CG,COG,Congo - Brazzaville,31474288.10548353,3520472.437354935,25282.83993961588,152415.52534876685,98847.78461282584,686252.5638034883,44030.700016,2513643.023634238,5271.700654004394,589.6519974720279,4.2346808098747895,25.528425677768755,16.556242004391287,114.94201480556293,7.374802864252188,421.015831310178
MF,MAF,Saint Martin (French part),316721.2294312529,4721.229431252903,0,,4721.229431252903,,0,,9962.606694701422,148.50836498546454,0,,148.50836498546454,,0,
IO,IOT,British Indian Ocean Territory,126690.21016998957,71690.21016998957,0,43610.51739498805,0,28079.692775001527,0,,,,,,,,,
CF,CAF,Central African Republic,10108583.944784984,527572.8914088039,0,,29218.892509334582,,3163.1911339999997,495190.8077654693,1811.8521308618283,94.56161938261566,0,,5.237164072003623,,0.5669671071404502,88.75748820347158
GM,GMB,Gambia,3340810.8209401686,1110401.8821491299,0,43028.4343474427,70396.2891758113,70324.08836721432,7284.049481999999,919369.0207766616,1234.5974492682049,410.34928490148155,0,15.901168350624355,26.014965741144575,25.988283914813614,2.6918222529852263,339.7530446419138
SO,SOM,Somalia,32294732.024793338,3504262.3041657996,27691.597068217612,55402.92169509778,79388.92066914035,146973.2264601194,10838.487025,3183967.1512482245,1835.187489003038,199.13397435386173,1.573608737520756,3.148338517594777,4.511372129225569,8.351932637525808,0.61591022872496,180.93281210326987
HK,HKG,Hong Kong SAR China,60224718.97696989,20011847.57643691,0,934303.4226610227,6891023.150691602,6048558.590391284,0,6137962.412693001,8041.902074208828,2672.2136901168483,0,124.7590152394285,920.1692313443496,807.6736047974272,0,819.611838735643
BE,BEL,Belgium,123746117.91098563,33066409.190570578,0,1165313.3081044308,4274486.527767013,6155124.074341133,73471.65217500001,21349928.419262003,10616.580393927008,2836.874379871068,0,99.97600432607528,366.7220485853135,528.068036985563,6.303371088793431,1831.6795330155553
UY,URY,Uruguay,47004841.58225724,6285101.544603138,0,187665.97268654912,265739.5207416412,1370690.5353697478,864.7904332,4460140.725372,13732.886519684575,1836.248849508074,0,54.82829895300422,77.63818703130869,400.4595471914897,0.2526562899198725,1303.0701600423513
BQ,BES,Caribbean Netherlands,3500615.2264215867,463615.2264215868,1.6676933039673685,69572.76799327743,100300.33871051174,293740.45202449366,0,,129527.68542964503,17154.415245378037,0.06170699711268292,2574.2902387803388,3711.2535599242115,10868.809739676373,0,
MR,MRT,Mauritania,19055522.054241747,2705769.974541526,5341.30205745347,115072.34484922157,73743.49937612799,338265.23962372256,51443.614364,2121903.974271,4023.4296447468596,571.3029061312444,1.127775611622351,24.296657013069414,15.570383254403637,71.4221520153278,10.861930860559625,448.0240073762615
UM,UMI,United States Minor Outlying Islands (the),0,0,0,,0,,0,,,,,,,,,
BT,BTN,Bhutan,2440262.0754019083,266959.8815687983,1320.4793361440322,,10359.969645654252,,0,236564.139971,3118.7251348664245,341.1824086609431,1.6876105797062222,,13.240339247182586,,0,302.3357764612661
CZ,CZE,Czechia,123983884.14178155,20257112.906230163,21.507975098556567,,758789.3349490629,,263411.619304,19152942.565065,11814.756008039418,1930.3544817222132,0.0020495524864009313,,72.30706568019653,,25.10119789601396,1825.1351359783594
ER,ERI,Eritrea,7437629.229539053,1135442.5144638035,0,77637.14460131478,30690.68801772892,31120.99886343956,0,995993.6829813202,2018.8829058865538,308.20647444533694,0,21.073960432839556,8.330733288345193,8.447537606470183,0,270.35424311768196
SI,SVN,Slovenia,18301572.43641248,6086170.505181315,0,80098.53659083015,60933.47952963332,389410.21936585224,23078.516244,5532649.753451,8633.452478773192,2871.04640963265,0,37.785108994260966,28.744322473556224,183.6975831079326,10.886893678968828,2609.9325013779317
LT,LTU,Lithuania,33595033.487630956,7268306.302907393,0,156526.4181254149,310081.6059120218,643950.0173839559,180147.37805400003,5926097.888732001,12216.131491054164,2642.9676144322184,0,56.9175591489679,112.75469251052137,234.15895950588475,65.50682733763507,2154.9015887798614
CI,CIV,Côte d’Ivoire,39483221.34110257,6763364.191413542,7443.498368686596,265733.9695640469,352925.6297497977,1015873.1526901595,53129.908197,5068258.032843852,1402.0760445982385,240.1716625842479,0.26432368981699983,9.436393999946693,12.532629157130486,36.074346604911206,1.8866791767360158,179.97728995570654
PH,PHL,Philippines,299758994.60546863,42686508.18132625,1766090.7854337366,2798258.89651023,3395042.3063990786,4019257.1982412026,6015.033678000001,30701843.961064,2593.9906996387326,369.39143516994204,15.283021208962916,24.214978310433846,29.379295788172417,34.780993996246565,0.05205162046690796,265.6810942456594
MT,MLT,Malta,5181461.616058582,3620951.090845737,0,397622.4326333711,395497.86385859,2280616.949197776,0,547213.8451559999,9716.10283423638,6789.8858977091795,0,745.6082339183312,741.6243138927143,4276.536322344439,0,1026.1170275536954
GU,GUM,Guam,1961865.0423746954,462996.7013866954,0,30516.867120202187,246079.1765705389,186400.65769595432,0,,11421.19903113798,2695.382894889188,0,177.65707918661838,1432.5752242512772,1085.1505914512925,0,
TC,TCA,Turks & Caicos Islands,582358.144059971,332060.633466421,5217.166939929856,23250.69802525021,120252.44220851928,154906.02425862165,0,27052.683718999997,12742.508950592337,7265.779035193667,114.15620629140642,508.7457447212422,2631.2293161900852,3389.4802034620293,0,591.9365392980613
ES,ESP,Spain,354746837.43429166,125079835.23899823,3426168.9869241402,6653067.602226118,16407238.971065113,15087575.624251878,247445.052767,82961532.39456798,7459.147528730152,2630.0134221485823,72.04095212423361,139.89191030578715,344.98973101338527,317.2415947274318,5.202947451745351,1744.405429562794
TN,TUN,Tunisia,49939799.39181827,9774792.694723316,12530.288547718126,222062.73119168915,696122.0728633933,628811.459428942,38206.266573,7775343.659237573,4041.7065807824797,791.0893604134143,1.0140959775403653,17.97188640992062,56.338255202940644,50.89070129628442,3.0920932986471397,629.2708024080358
GH,GHA,Ghana,57973147.387653895,13570049.168771002,43259.6183971416,290571.2078743296,653767.9227547421,1320637.8836533097,334633.692804,10927178.84328748,1731.7891181813613,405.36808061361813,1.2922627073513429,8.680019604399513,19.529527470226824,39.45044247254245,9.996265752137285,326.4195626069607
SG,SGP,Singapore,147098746.4527615,71247677.05497961,0,6280614.14277603,9133583.948239306,50164861.961439274,0,5668617.002525001,24616.20259504203,11922.924532703115,0,1051.0277883945798,1528.457300354253,8394.826162517065,0,948.6132814372171
JM,JAM,Jamaica,10053461.411366556,3730730.703119621,246.36331351268512,230813.70971843167,685307.5636109738,1154422.6174627028,0,1659940.4490140001,3555.755532907906,1319.5023879445937,0.08713493584784948,81.63527881794033,242.38280342910542,408.3016228337087,0,587.0955479279912
BY,BLR,Belarus,142471035.3471082,10050447.405857833,0,,141921.01861183209,,481085.90317,8694864.353624,14941.97406165863,1054.0635440776991,0,,14.884289804841439,,50.4549789301553,911.8936864953936
BB,BRB,Barbados,2118869.424186091,868777.1965157607,0,82486.85684094946,390394.3480403117,201460.41266099954,0,184987.98440000002,7523.4591729937365,3084.7628899666615,0,292.8856741560867,1386.171278570887,715.3244897154102,0,656.8359202513893
RO,ROU,Romania,119038595.54954539,21548498.509753644,56738.90154500793,453628.7515736193,1300653.3878578667,504870.9518899157,410053.356338,18821998.532155,6055.088195788042,1096.0987767119518,2.886114805043745,23.07455062152721,66.15981093587399,25.68106694364117,20.858018579126067,957.4110027680584
HM,HMD,Heard & McDonald Islands,0,0,0,,0,,0,,,,,,,,,
GS,SGS,South Georgia & South Sandwich Islands,15842.570049150065,15842.570049150065,0,4667.78326670672,0,11174.786782443345,0,,,,,,,,,
AX,ALA,Åland Islands,0,0,0,,0,,0,,,,,,,,,
GF,GUF,French Guiana,2162239.3689227244,1561226.0214175796,0,9699.631536205026,145308.60153325513,49063.11578432894,0,1352210.5957762906,7099.621315296396,5126.219464394447,0,31.848329003125937,477.11463382307784,161.09666100049887,0,4439.926174004507
MY,MYS,Malaysia,467175241.3012777,98439148.0011417,2085069.9935627505,4090893.625214933,3207507.418264005,13510405.99195502,0,75545270.97214499,13765.46011459521,2900.5393388357734,61.43721947374705,120.53942086933525,94.51017847263786,398.08820839097046,0,2225.9643116290827
TJ,TJK,Tajikistan,19562175.361839924,1999867.2386771117,1637.341783095826,,356168.01606266806,,3924.6533759000004,1638137.2274554477,1965.4972382951553,200.9354001725458,0.16451088354405916,,35.78575690032029,,0.39432707400449746,164.59080531467694
VI,VIR,U.S. Virgin Islands,653323.0347091662,637871.9964471661,2608.9379361752644,91489.93672859865,183070.32706274395,360702.79471964826,0,,6568.371132651346,6413.029673223406,26.22970830116387,919.8204064605504,1840.5502142738044,3626.4293441878876,0,
NG,NGA,Nigeria,392788257.1112404,64456233.81140531,765867.992854007,1499421.7986065822,1171912.532940114,3061886.1054636035,183378.973341,57773766.4082,1797.3189290779644,294.9385757566189,3.504455685246255,6.861048242958322,5.362432660710758,14.010566141930262,0.8391047695891793,264.3609682561841
AG,ATG,Antigua & Barbuda,815785.5827074586,420250.06367394625,0,36882.20522356627,166622.26418128816,127623.11045609182,0,84792.03618499999,8700.50641199043,4482.045835499571,0,393.35564373544224,1777.0577325948204,1361.124435609908,0,904.3229865192025
MU,MUS,Mauritius,9086588.891719427,3712638.0251817415,11662.014516398363,125803.78905568912,807195.3120403806,1661786.1812962738,0,1098158.0809449998,6992.539946485393,2857.0423959184413,8.974446113295787,96.81168927899712,621.1731961596472,1278.8194110796592,0,845.082168905145
LY,LBY,Libya,118698015.55005209,21738546.544846267,22439.417793330256,283444.8918631503,132018.487846715,524399.087721071,0,20776244.659622,17423.96858143949,3191.0537867740713,3.2939363712606657,41.60756072885228,19.379312903848323,76.97780949618802,0,3049.7951672739223
TO,TON,Tonga,392365.4652072615,112920.19812406467,0,5676.95003166828,9589.9008762221,30688.306335674286,0,62035.054777000005,3671.8398735449055,1056.7313455620044,0,53.1261115842359,89.74434180147578,287.1877289082173,0,580.5372997529432
CR,CRI,Costa Rica,19192141.520570733,7900288.793621923,14608.432468262243,81418.7496618258,886792.9196691236,807088.1943187115,3250.9842630000003,6107129.513241,3704.453769960509,1524.9082325670126,2.819709445778319,15.715390270905642,171.1681508247278,155.7836003308952,0.6275027149129996,1178.7938789797927
TM,TKM,Turkmenistan,141571415.47175536,12756230.22823664,57128.95954553778,47163.11726696979,62752.25399341733,39362.33317971441,0,8271668.424855,22014.691160118517,1983.6240805123864,8.883688818840943,7.333976688167947,9.75812445374618,6.120936245537379,0,1286.2640748860556
ZW,ZWE,Zimbabwe,29888759.243643913,4165130.1361797275,13512.379717781123,,147703.5982586923,,148132.45079200002,3855781.707411254,1831.3588115172872,255.207909897801,0.827937200704923,,9.050167789129262,,9.076444653261104,236.2533602547057
MV,MDV,Maldives,3502931.9530131044,2126476.480779779,90175.1267170381,77903.44368307867,940534.622050406,139354.57391825638,0,814102.6337199999,6687.70311789545,4059.8114897463643,172.15991751807147,148.73115156175825,1795.643309303984,266.0519904431694,0,1554.262770400945
NO,NOR,Norway,148653392.41880447,16868954.678326856,1131611.2604423955,3629392.8523246464,1509815.0796761075,2448529.1264337073,43053.631597,8106552.727853,27354.5576582465,3104.1524574333703,208.23423513459468,667.8652564055673,277.8296746429695,450.56779449894407,7.922544038544664,1491.7329527127501
,SCG,,59885345.336199,8747957.9590825,,,,,37370.021489000006,8706022.520363,,,,,,,,
BZ,BLZ,Belize,2017534.3909892868,344135.06373854796,32555.805028120903,24661.667106085766,75968.3182133329,126209.78452500844,0,80622.01028699998,4978.2229983549,849.1459161712331,80.33075324256525,60.85213660476363,187.4502018726507,311.41994641872236,0,198.93308762263365
DK,DNK,Denmark,53866885.10174587,17929998.72831816,64014.50439235599,918659.2745658158,2141813.6736211185,2766106.3724068697,242589.50052099998,11750845.70583,9157.513599234353,3048.147426358361,10.882635842298733,156.17451768390006,364.1140156176542,470.2454332452894,41.24085968320684,1997.6749936512506
AO,AGO,Angola,81574133.03747839,13964155.503210405,36893.937177420485,477655.38717345445,398241.06579757866,1575113.8161508446,0,11476251.296911106,2292.117306892674,392.37294119134117,1.0366672470171878,13.421438131224539,11.190008465191173,44.258461645757,0,322.4663657021512
DM,DMA,Dominica,279588.73587769887,98200.24119142606,0,13532.817469571251,9874.80345539781,53123.360767756996,0,20616.353532,3843.778161039606,1350.0541833900584,0,186.0487980088984,135.75852312955828,730.3384856300282,0,283.43305468943333
BO,BOL,Bolivia,77569126.41080552,14422929.225683084,454140.3416050288,,238499.83696238342,,0,13730289.047115672,6345.5847837433985,1179.8756085868897,37.15119886887706,,19.510609521869764,,0,1123.2138001961428
GP,GLP,Guadeloupe,6262382.298632528,4685340.728833527,0,33689.05807004494,430388.3035160458,250508.13817043693,0,3958729.140989,15824.00669771101,11839.082882293778,0,85.1266906295987,1087.520223564368,632.9927281995717,0,10003.055299755908
AQ,ATA,Antarctica,215929.3068289058,215929.3068289058,0,79960.94216672776,0,135968.36466217804,0,,,,,,,,,
MW,MWI,Malawi,19710879.33062205,1006859.4727484663,5922.530214974321,,53573.55759205834,,17346.869412,930016.5155294336,965.9678078327355,49.34299588428184,0.29024446005785265,,2.625470488503479,,0.8501151641996054,45.5771657715209
IQ,IRQ,Iraq,401381442.25308466,39119287.310536645,55304.60625811553,800221.09822428,594190.9436851423,1523018.286079114,0,36146552.37628999,9020.59380035601,879.1617235887802,1.2429084552158394,17.984063829748578,13.353769204541965,34.228112869681404,0,812.3528692295924
SS,SSD,South Sudan,41685575.24377392,1319511.751883907,7587.092969994581,,50112.996498089124,,0,1261811.6624158232,3819.7515627707894,120.91010012164271,0.6952239488011525,,4.591976854566569,,0,115.62289931827499
WS,WSM,Samoa,517501.51424112223,195060.31806978493,0,5744.234147080064,18636.57056825628,28049.2854459486,0,132129.748368,2327.083640947209,877.1407671024855,0,25.83048154562898,83.80431225664073,126.13109624856598,0,594.1566690109811
KH,KHM,Cambodia,74703170.91979724,7471303.845039113,3091.3210605021704,42480.451678276426,250153.3400913622,169854.57717397285,865093.6898340001,6023377.072265,4455.145207105198,445.57336865645044,0.18436010194407668,2.533447755428303,14.918636524089514,10.129781588708484,51.59242852085558,359.22196024181284
IN,IND,India,4002270744.7367125,334611296.62705064,13453744.843746588,5530105.721689769,10417590.316680668,13794928.541908626,4799127.769571001,285635833.36465997,2824.1225708953725,236.11179141834535,9.49336686586191,3.9022088669538832,7.350964945679697,9.734116341411033,3.3864088461481208,201.55323203021143
EG,EGY,Egypt,441071379.03420496,97586090.50959864,222232.3209004861,1677210.9032383855,3545736.897514286,26647523.80386048,0,65493386.584085,3973.970355124411,879.2323628134541,2.002271507942344,15.111355498412191,31.946424065524887,240.0891888879541,0,590.0831228536206
CM,CMR,Cameroon,50148224.62341822,8524030.045135655,39961.80383682577,179115.31494923483,231221.61628814274,733801.6476206179,0,7339929.662440834,1796.491427384579,305.361695610332,1.431576861489862,6.416560710492728,8.283197552993277,26.287438473654653,0,262.9429220117015
CL,CHL,Chile,145656350.9099818,36097766.195882015,1481777.1214194742,1583574.259457332,1718199.8330298632,3673494.781725592,163958.395103,27476459.550703,7430.031357292092,1841.3720588768483,75.58647740302698,80.77921993006801,87.64656369426493,187.38751347641758,8.363631309557215,1401.5932348549636
GE,GEO,Georgia,18430197.09259692,4542641.879017792,0,83994.88440950477,368348.6802934888,147216.31601079824,7153.810392000001,3537367.5835760003,4922.089232970679,1213.187714142053,0,22.432224359809357,98.37361283454793,39.31655425678669,1.910543491654838,944.7125719112752
GT,GTM,Guatemala,46041744.037809506,11883456.097385144,11172.075573904172,122858.59316404641,323005.5285978994,905033.216586295,0,10505342.435038999,2580.250023582811,665.9671243196918,0.626100267604169,6.885184185215841,18.101725731711877,50.719450951344015,0,588.7355188694651
RS,SRB,Serbia,44844427.6756728,3100219.8701767554,1991.2704406934245,205.6715601393291,456834.3472307683,1304.1444910084606,0,2639884.4364541457,6209.9646625960795,429.31210939547384,0.27574705958587675,0.028480977164061356,63.261486432174785,0.18059526286418118,0,365.5657996636849
AM,ARM,Armenia,12031330.510374786,2703379.0148003385,0,,262285.38549933914,,0,2441093.6293009995,4327.086729028371,972.274466933578,0,,94.33134679773057,,0,877.9431201358474
RU,RUS,Russia,3753190216.7980256,264185297.23934472,13050076.833613498,6410822.811777992,4110795.8585222913,7349555.693982951,14066522.678096,160241992.09235498,25935.348400617964,1825.5769972854378,90.17882648733686,44.300158945831285,28.406479990654425,50.78700425575874,97.20268501415148,1107.306492147329
MO,MAC,Macao SAR China,2400606.928569784,950454.828991464,0,6640.12580698403,102584.4606424096,19720.35084107032,0,761161.484881,3453.275939873216,1367.2304090399214,0,9.55182892046819,147.56786941057356,28.367748286846233,0,1094.9317069844988
NA,NAM,Namibia,14050042.458855705,2754174.863232317,8786.922383181716,80637.69624794333,155361.4521635422,529915.5828316498,0,1964514.5305630001,5473.306107979123,1072.9107862496617,3.423015701984142,31.41305776830935,60.52229290846408,206.43284208708403,0,765.2923050468794
LV,LVA,Latvia,18488874.635141026,4170460.624775278,0,176052.4223444519,368376.15616161696,564269.1642102092,88812.24372000001,2972950.638339,9990.470723621593,2253.5100485047033,0,95.1299960632512,199.0522017179992,304.90306611576636,47.98973102978358,1606.4350535779029
BD,BGD,Bangladesh,299555167.1300618,17891833.25094872,113383.09466465474,598942.9573799546,1841989.0266870519,2329259.2138800574,1750304.079231,11238375.267381001,1749.8774209086096,104.51669161461474,0.6623371553470082,3.4987770952932786,10.760138235110514,13.606569183439774,10.224552683615492,65.6499412662417
CD,COD,Congo - Kinshasa,46533197.72469424,10385655.082528671,135364.58097969068,50851.05481502607,234194.09717707205,109936.48495097224,0,9855308.86460591,469.9838207062342,104.89478683803516,1.3671779733154261,0.5135940403301639,2.3653529514417366,1.1103550101576618,0,99.53830686279017
FI,FIN,Finland,73142695.12499975,13763049.73817506,163149.91524464282,662348.5177588706,1588910.3418025775,1919745.8303509695,65707.346677,9356949.907043,13200.874958895381,2483.9705227734785,29.44547814403382,119.54139708964652,286.7683055318864,346.477862430613,11.858935002073727,1688.752725182313
KZ,KAZ,Kazakhstan,347901727.0295887,29510344.830812924,866363.3016573362,51040.70489740644,924282.1378644087,56457.52601676741,37647.38166,27548068.679238003,17934.929523633764,1521.3087881962315,44.66251113425912,2.6312357026434605,47.64832627905255,2.9104821031926806,1.9407869647166682,1420.1500938002985
IR,IRN,Iran,1202559380.906789,151113165.68585387,1402752.544951096,816373.8770373099,948884.5125740704,992805.8585103657,0,146004330.09146002,13580.481536220364,1706.518271828785,15.841259349895724,9.21929556226809,10.715735794519112,11.21173876701602,0,1648.8242830222325
SC,SYC,Seychelles,1785449.3538176685,915600.6454698286,5333.128135096541,41252.55739237047,216221.3527270199,97001.18574934159,13155.72853,542636.6929360001,16668.06095910742,8547.589065048158,49.78741327411398,385.1132152613984,2018.5342587335454,905.5544889686289,122.81529276125396,5065.784396049217
GD,GRD,Grenada,410200.0406342735,151818.67714146822,175.83355806069585,19137.224305915443,37724.716761733616,55451.95146875847,0,37417.963418,3270.1417483878367,1210.308496161197,1.4017567089773102,152.56321294914972,300.7439273723562,442.0666103474104,0,298.298469506848
CW,CUW,Curaçao,1262846.8209690165,1262846.8209690165,0,125702.90736771861,282950.1984234706,359393.3177433803,0,494800.3974344469,6606.091214711016,6606.091214711016,0,657.5657935998338,1480.143742668445,1880.026143747674,0,2588.3555346950625
PK,PAK,Pakistan,538418058.4534972,56339434.62446827,318709.58161768486,264737.7306571571,2052012.609140594,2362947.0906788283,930807.258941,50410096.988905005,2283.1267826778044,238.9037107735836,1.3514672664906928,1.1226031403642127,8.701426099596716,10.019923559538979,3.947027684218469,213.76073990411157
SX,SXM,Sint Maarten,611220.6175533563,611220.6175533563,0,70552.76229056298,212587.51517926485,328080.3400835285,0,,13836.34674710484,13836.34674710484,0,1597.119689656208,4812.394231562306,7426.832825886328,0,
AL,ALB,Albania,10154232.759992125,1931938.7697249744,0,40958.437901591096,288140.5222161432,142501.18747924003,7456.611455,1452882.010673,3572.5144204303892,679.704639175158,0,14.410208383075345,101.37508121571885,50.13550104975477,2.6234234117117667,511.1604251148973
PA,PAN,Panama,43432573.54125246,27526411.86663027,14233.324138640532,1704529.9736417127,1964595.3727638482,19338279.630093068,0,4500904.133635001,9851.828375860812,6243.827233855407,3.228550721239159,386.6392293304676,445.62996991408755,4386.509858070642,0,1020.9419208985663
BN,BRN,Brunei,15331141.064981503,1875474.8065595818,0,95148.10953472032,93731.927862957207,391437.4445109043,0,1295157.3246509999,34144.928229677156,4176.985417792308,0,211.91021317214694,208.75614777430212,871.7944341248019,0,2884.5246227210564
NU,NIU,Niue,4774.378319865546,3245.359697887171,0,203.26779386792333,1592.5296573056091,1449.5622467136384,0,,2468.654767252092,1678.0556866014329,0,105.102271906889,823.4382922986604,749.5151223958834,0,
DZ,DZA,Algeria,345421367.89202154,48452306.666670695,216945.83241989033,566730.7504681014,619298.1524164078,1349035.9202352886,389912.26662600006,44066212.483187005,7692.57370471768,1079.0384580766904,4.831408711064524,12.621159181063305,13.791841285707381,30.043185544808612,8.683391151214641,981.3596347074626
BI,BDI,Burundi,9434917.929564437,771135.4287067903,0,,27521.31520092957,,9190.614291,734423.4992148608,731.9804724037809,59.82628355709997,0,,2.1351606290951364,,0.7130268901785443,56.9780960378263
CO,COL,Colombia,245412194.5223445,47670546.143673845,2382728.853704986,455290.18246304215,2820324.720318853,3437276.567769963,0,38163129.223285004,4730.926494585123,918.9675769836913,45.93298668530103,8.776843347704087,54.36872837007696,66.26199979723884,0,735.6886217904554
JE,JEY,Jersey,141358.79679475052,141358.79679475052,36301.10934429871,,1209.0157745531817,,0,103848.67167589864,1276.0547833933679,1276.0547833933679,327.69240593167154,,10.9138617284405,,0,937.448515733256
KP,PRK,North Korea,83399448.29443315,6320229.861260531,0,122303.7894250701,0,41016.88489105797,0,2291660.4104204024,3199.1299035787047,242.4384904234345,0,4.691466407420485,0,1.573371835067497,0,87.90608928180065
BL,BLM,St. Barthélemy,5829.619909243242,5829.619909243242,0,,5829.619909243242,,0,,531.5601266748647,531.5601266748647,0,,531.5601266748647,,0,
AE,ARE,United Arab Emirates,430470522.32815194,81575339.17568482,44.623287758451276,6118021.747201289,22340319.834739685,15052953.774077097,0,38063999.196379,45595.24267949253,8640.422963832798,0.00472647842063483,648.0180913976899,2366.2765545324332,1594.4020432809614,0,4031.7215481432936
AU,AUS,Australia,748560013.4477777,137666399.91364723,7260572.592646696,4738366.862221316,8354443.410698449,23867810.50258778,4216137.419881,87595320.716239,28595.645163552934,5258.976504425676,277.3602033419687,181.00974539467734,319.1470223088297,911.7711709169955,161.06012537911977,3346.2176234236363
PF,PYF,French Polynesia,1819448.3362655013,1009896.9560729406,50983.733546207965,142227.3805954753,213058.8449629456,220132.8706633118,0,355261.17546400003,5940.493263545661,3297.3104785928535,166.46173438664735,464.371963456441,695.63647838391,718.7331507002172,0,1159.9266533585392
FR,FRA,France,444826029.2424959,139285780.37569362,1806687.0775874269,2594984.718207435,16347116.77478328,6530308.265662509,363414.222513,111643269.31693998,6883.014679993762,2155.2382460012245,27.955768906702467,40.15349088316097,252.94707894682793,101.04671197857498,5.623289250260744,1727.5119060356976
CN,CHN,China,15563899433.099447,940053107.652574,74155951.75413218,35648759.280452505,11638893.534666399,57158166.8510898,8835126.800041,745990158.70195,10915.237851712156,659.2758651117566,52.006880087842575,25.00110517529093,8.162561818631536,40.08603300408565,6.196230635324731,523.1760878608251
ZA,ZAF,South Africa,541488136.3664453,62430699.73019609,1407150.5902910498,1373361.157123172,3185397.9154782994,9059055.280587567,841135.734335,46509698.533922,9040.79166623513,1042.3551541229308,23.494061042977087,22.92990606842705,53.18402563931692,151.2517560112784,14.043766476911625,776.5350091068897
TT,TTO,Trinidad & Tobago,54435794.08301276,3984678.525860877,11757.629942233274,271166.9587226844,167931.7001683393,1331639.7723046204,0,2202182.4647229994,35554.689534077894,2602.5891652107166,7.679485333036329,177.11245315136887,109.68443765714068,869.7593095329855,0,1438.3534795361852
LK,LKA,Sri Lanka,41262107.15138019,12643096.264849622,1412.2689613534894,417460.4078136821,1064496.8628539208,4086775.8238096647,74234.703536,6998716.197875,1889.9705425793607,579.1046836240318,0.06468760127457435,19.121366501386607,48.758239759327374,187.1907775526051,3.400248135787678,320.5693640736505
TL,TLS,Timor-Leste,4395637.501147776,260265.61507217685,0,13115.207003850186,10072.841469465053,34048.584219861616,0,188075.016434,3277.156944587754,194.04040202324978,0,9.778010971366637,7.509782679934222,25.384839901007396,0,140.21887520278892
BW,BWA,Botswana,13446189.633399727,2420304.4751796564,15427.991218410276,,35982.8920997738,5444.837084472656,23978.313929999997,2339470.4408469996,5112.044284521487,920.1642990673508,5.865496209708062,,13.680168353589789,2.070047281550311,9.116203624991256,889.4323835975114
MK,MKD,North Macedonia,12665027.109297225,2619257.5677632526,0,,137075.5620652531,,5282.947174,2476899.0585239995,6049.407340519634,1251.079513719087,0,,65.47367835909907,,2.5233818402577763,1183.08245351973
WF,WLF,Wallis & Futuna,23769.94689067165,5749.521818671651,1255.4512341945888,877.2132807521934,1947.4785232666568,1669.3787804582118,0,,2054.0915045516463,496.84772024469856,108.49042811913142,75.80481167924243,168.2923023908276,144.26017805549705,0,
PN,PCN,Pitcairn Islands,0,0,0,,0,,0,,,,,,,,,
GQ,GNQ,Equatorial Guinea,17460780.026449148,951845.6455452385,11636.576458346533,69698.93438317439,37077.169934439844,418725.8572162777,0,414707.107553,10424.918877006468,568.2972709815933,6.947591424929927,41.6135897513024,22.136839715638022,249.99931770358594,0,247.59993238613703
CH,CHE,Switzerland,50069598.4911953,19569670.40787055,21671.591621982116,4223.753806761462,4747299.233620832,7941.760627974406,31875.191745,14728795.482114,5728.477648712255,2238.9718092879366,2.4794532402806295,0.4832409287234674,543.13991665677,0.9086191944753562,3.6468501638126636,1685.1258698745332
SH,SHN,St. Helena,55673.62242578332,45606.877725264814,389.8073680606584,3429.716782482924,936.0528227188544,29024.40076400238,0,11826.899988,10359.810648638504,8486.579405520062,72.53579606636741,638.2055791743439,174.18176827667554,5400.89333159702,0,2200.762930405657
KR,KOR,South Korea,767633042.8274666,149427725.93937218,1526251.557283138,6617607.933930107,9771067.764061239,27033901.995621722,295790.620936,104183106.06753999,14814.64909701241,2883.824954958191,29.455325648352076,127.71406900577465,188.57309697679605,521.7307612410522,5.70850134227372,2010.6432007439428
PE,PER,Peru,129437478.94903728,31597638.822248127,1134360.013158124,665352.0499991922,1612212.8960818253,2724082.469627984,0,25461631.393381003,3801.440385975809,927.9888738227354,33.314940937262556,19.54067843637909,47.34896927627509,80.00339004477775,0,747.7808951280409
MC,MCO,Monaco,105014.33204175554,87000.87619024233,0,20421.14490569045,0,66579.73128455188,0,,2879.550633188613,2385.611785084382,0,559.959003693286,0,1825.652781391096,0,
NC,NCL,New Caledonia,7459186.372254551,1647747.4316282452,14716.197931743036,101248.14690703763,79539.37090155129,345084.4491799133,0,1025649.874352,25725.767795325235,5682.8675000111925,50.754260844087035,349.19174653229055,274.32098948629516,1190.1515750298788,0,3537.3335897637526
KI,KIR,Kiribati,276478.12040888023,197125.81434020336,3946.135468133401,75760.96551747157,2686.2147500154256,85108.67116228295,0,27442.912505000004,2106.7888960686437,1502.1169710147171,30.06991791737839,577.3055772789531,20.469205300654,648.5359604538752,0,209.1175361573397
RE,REU,Réunion,13903485.522781165,11067786.971190166,211.13470300285488,25459.956269405917,683760.523794424,654064.5791803129,9031.386285,9695259.39095802,14273.863739082888,11362.624347765997,0.21675916994457675,26.138190024152628,701.9753809800956,671.4883591228322,9.271975505414495,9953.533682963558
TG,TGO,Togo,12268629.930701189,3794059.2113248524,0,638393.9991726108,213747.46457585023,1479884.998263175,0,1462032.7493132164,1386.4898463820539,428.77033562732646,0,72.14552911316567,24.15580965423955,167.2432484714898,0,165.2257483884314
YE,YEM,Yemen,41327018.72776103,4167466.6095844917,3077.930177773297,146913.90585534956,65692.29452909512,246515.0715772956,0,3705267.407444978,1226.4442572111557,123.67612394481213,0.09134241730558736,4.359901141858038,1.9495221249557928,7.31572233273336,0,109.95963592795935
,XKX,,13549494.101552524,1177550.346611132,0,,144873.5103597206,,0,1032676.8362514112,8163.752370319539,709.4899161006848,0,,87.28823782875881,,0,622.201678271926
KY,CYM,Cayman Islands,1060708.9920110211,387168.16807452106,5845.966991058261,21036.298021149945,78397.4022461188,183135.79465169407,0,93954.32753,15438.374989244332,5635.143482003334,85.08670263235031,306.1784708926432,1141.0561267737723,2665.4992963015466,0,1367.4835899339212
HN,HND,Honduras,23837779.542602442,5106009.361080179,16594.278554699064,86579.52139645303,188786.2450010397,528839.1123909872,0,2296850.046652,2284.874861025878,489.41607201478587,1.5905780921721429,8.298733175414318,18.095349214025653,50.68975452474079,0,220.15535976251957
SA,SAU,Saudi Arabia,957976966.2278082,158404743.3609545,2713482.86244453,1763268.6630573121,6862073.869419604,8503852.208593033,0,138562065.75744,26311.67300197612,4350.724449761198,74.5281737349502,48.42971189556025,188.47284447613526,233.56571865259664,0,3805.728001001955
NE,NER,Niger,43750087.00928743,1948868.8816930824,1740.7797539303745,,79671.51089052265,2102.0875330810545,0,1865354.5035155483,1669.3423917949651,74.36166788810455,0.06642175219897264,,3.039971795248548,0.08020792803202836,0,71.175066412625
JP,JPN,Japan,1243928890.1593382,257608653.45974526,11251256.892035453,16829569.88847244,10220942.143208094,21170166.98523277,560170.000964,197576547.5498325,10035.59427134999,2078.2988057939965,90.77130542143348,135.77523321321377,82.45907722831322,170.79369102305412,4.519260624243839,1593.980238283738
KE,KEN,Kenya,84857604.98449233,14369242.687393032,247701.55425448695,134282.62513409505,1473565.9123962098,829158.5203112426,44279.938662,11410385.711597998,1570.6376456949095,265.9617073693069,4.584732105983144,2.4854501401128477,27.274374475277924,15.346975518429028,0.819581681857607,211.19593646097212
PM,SPM,St. Pierre & Miquelon,88720.25219058122,32838.32095283122,0,11728.128297569216,1387.4404438224894,6953.259444339517,0,12147.594344,15134.809312620473,5601.897126037397,0,2000.7042472823637,236.68380140267647,1186.1582129545407,0,2072.2610617536675
KM,COM,Comoros,1078867.465777928,379249.55339104484,1138.191462451722,24873.091349857452,23512.51826206425,156958.9793006714,4089.427494,168677.34552200002,1289.3176243261955,453.2281755779277,1.3602137045985199,29.724981117789813,28.099006735467704,187.57631009169907,4.887134989853891,201.58052893851865
UZ,UZB,Uzbekistan,217334466.73261708,19294629.41847032,67944.07134424275,,863966.3720750755,,441035.97930999997,16754579.565657001,6276.32698666999,557.2029376542862,1.9621333650991626,,24.950186402331738,,12.736525690797631,483.84971541405696
TD,TCD,Chad,87237243.52482376,2249255.963164025,0,,57482.25892478483,,17469.340398999997,2174304.36384024,4922.174182697975,126.90943896015081,0,,3.243313055417953,,0.9856700283778739,122.68045587635497
PY,PRY,Paraguay,52790222.91160604,9083398.944257693,837.6113937383358,19882.34924531736,166456.63314891874,13869.93988371838,0,8853815.567366,7785.31425336306,1339.5873585933482,0.12352794822195556,2.932178127550216,24.548432022934172,2.0454893863738817,0,1305.7292190010419
NR,NRU,Nauru,53006.104924430845,19008.198171430842,0,3966.1542223213337,5457.324860081152,9584.719089028358,0,,4184.252046450178,1500.4892778205592,0,313.0844823430166,430.7960893654209,756.6087061121218,0,
AS,ASM,American Samoa,189029.19349784518,49111.20451984518,0,7668.325529201724,8960.687212470964,32482.19177817249,0,,4269.723380417537,1109.3062097905038,0,173.20937678898002,202.40077729650716,733.6960557050165,0,
VA,VAT,Vatican City,7.157935499220272,0,0,,0,,0,,14.035167645529945,0,0,,0,,0,
TZ,TZA,Tanzania,82856302.32363257,7685672.154690455,171299.36165304433,266944.7255445747,467839.00103760604,643326.5385226966,0,6136262.527932533,1265.0252085557593,117.34254061209027,2.615347349851545,4.075632120123806,7.142825750857969,9.822116914961665,0,93.6866184762953
NL,NLD,Netherlands,209017862.92603508,51282392.192696385,1482.5146450432342,3043528.5192535417,9880304.973960482,11618047.440027315,70773.17586799999,26668255.568942,11900.347091845582,2919.7421610285887,0.08440636889968513,173.28205951404627,562.5311488570029,661.4688100355258,4.029442009554308,1518.3462942435597
GG,GGY,Guernsey,17943.821152771583,17943.821152771583,17459.606805031923,,484.2143477396617,,0,,283.46820986669377,283.46820986669377,275.81881494813547,,7.649394918558343,,0,
VE,VEN,Venezuela,254943196.65648878,32632608.950331826,205982.24819274488,491784.00261480873,283571.175342709,408090.51304706413,0,31211457.821953,9008.053674821776,1153.0266225151959,7.2780885001642615,17.376485233069026,10.019582407453921,14.419295332939203,0,1102.8122774675057
MS,MSR,Montserrat,19059.66956189839,6391.654240398392,0,637.1428130063229,51.23355508203217,1582.2510853500366,0,3920.7867300000003,4341.610378564554,1455.9576857399527,0,145.13503713128085,11.670513686112113,360.421659533038,0,893.1177061503419
CU,CUB,Cuba,49609632.0919297,4505439.9866465945,9117.055869554266,233613.1682259871,671788.2460119487,230006.78692243234,0,3360914.729616672,4424.615322012414,401.8340382041828,0.8131377595649473,20.835639370216498,59.91587603278865,20.51399114788825,0,299.7553938937244
AT,AUT,Austria,77103583.65610413,24142303.51189731,21236.30244564441,48417.960041065824,2356628.614980791,5963.719282808421,95760.775467,21183837.472951,8624.931432309028,2700.597073890001,2.37552709983486,5.416111231730154,263.6162841183007,0.6671112736494662,10.711955049863993,2369.6582832296954
HU,HUN,Hungary,73172058.5273005,14456085.071747005,0,33940.254825841665,894382.6320068097,13422.689820351363,125767.94545599999,13276288.725041002,7341.205722477975,1450.3499913664757,0,3.4051576238881816,89.73161379249137,1.3466715205701842,12.618045459817232,1331.9833926112246
IE,IRL,Ireland,76424518.49041134,15788455.920931334,11488.862225756133,263997.98470647086,2969516.445384428,1027864.7268506768,126626.448487,11353362.393031001,15214.587958373848,3143.1647340513746,2.287201912791071,52.556700892449626,591.1711325705973,204.62724011720965,25.208784777671514,2260.2266152810175
GI,GIB,Gibraltar,5793298.199020557,5638327.922163557,0,284988.914877522,35240.567583497024,4768334.565609538,0,549763.8740930001,177441.8266721969,172695.27159066303,0,8728.871171476063,1079.3766297129168,146048.41084289068,0,16838.61294658336
IL,ISR,Israel,97501794.24202932,23346163.28444991,5676.337076646582,401356.23573203787,2930263.9223875133,1017497.2747327088,240632.372304,18750737.142217003,10787.614612648154,2583.0233602823173,0.6280308713329653,44.40612018598146,324.20488416445085,112.57606646693634,26.623605400523484,2074.5846531930924
GB,GBR,United Kingdom,499597195.18360317,146284563.8781209,1058526.6743344618,3459578.271863789,28375054.558458388,8564278.405238258,2110332.822723,102716793.145503,7400.460217349643,2166.8918597401816,15.679800883463217,51.24622719374201,420.31553509387834,126.86140402565755,31.26005159854689,1521.5288409448935
EE,EST,Estonia,22616876.328893576,3296962.0687612672,3492.4583751092687,362991.1583958116,159472.37074337463,908931.1885609715,29182.455860000002,1832892.4368260002,17055.670344896072,2486.280482180522,2.6337067008249004,273.73618910413813,120.26011660342778,685.4364189313709,22.006856285754363,1382.207194555006
MM,MMR,Myanmar (Burma),168605938.9223776,6774723.2288068775,97219.15195213596,111724.43032615296,116336.44436686732,384337.66044132254,1226177.919147,4838927.622573399,3111.998867655809,125.04263581388211,1.7943964057445838,2.062123688445787,2.14724869984247,7.0938092200982155,22.63184986435596,89.3132079353951
KN,KNA,St. Kitts & Nevis,451236.7232092243,215780.45714122432,15.375581860506903,32142.565271475924,18703.243619992583,132164.2694281953,0,31163.442718000002,9468.226178379795,4527.6859528562745,0.322623313200447,674.4421770002082,392.4470942967095,2773.181195773958,0,653.8974089974402
CV,CPV,Cape Verde,1873008.8504734898,1032942.6639862494,9021.787025524807,99188.16812446968,206006.66011849942,204680.45970275544,12167.571785,501878.01723,3157.7321933296635,1741.4526915388171,15.209958738135054,167.22273982039903,347.30955090364904,345.07369080798355,20.513481893281632,846.1232693753689
ME,MNE,Montenegro,3389202.648342755,471118.1160029928,0,47538.68107059898,116075.82209494067,134694.25382353092,0,172809.3590139222,5404.7200339712435,751.2863006799633,0,75.80935359426515,185.10469459327595,214.79528008064483,0,275.5769724117774
FM,FSM,Micronesia (Federated States of),306816.6980566971,135790.2994786971,5468.598482868289,60941.84824987293,5650.509607852386,63729.34313810348,0,,2687.508304340222,1189.431865375224,47.9012515580068,533.8096794950503,49.494670893209644,558.2262634289573,0,
VN,VNM,Vietnam,542947898.923782,48501060.45028095,4199235.842900894,2927448.5155599387,2953556.3066696073,6072168.69547251,105301.408616,32243349.681062,5529.7411592828885,493.96693637161525,42.76780023286308,29.815075406426484,30.080974450079218,61.84298940657097,1.0724593179355901,328.38763755773994
VG,VGB,British Virgin Islands,292256.45666452794,158714.26764527796,0.68096106390038,18703.76545499701,5955.426402390999,113289.75068842605,0,19755.693296999998,9335.775648124196,5069.933481721066,0.02175246969814343,597.4689492092959,190.2388245453122,3618.9027531840297,0,631.0714996645903
FJ,FJI,Fiji,3364208.007682577,1267354.3600814359,17592.451843099487,74753.10213129934,323177.13634096476,191285.64368107222,0,611916.432405,3618.3383858762063,1363.0895946737523,18.921375747338026,80.39990936568915,347.58975520826186,205.7352534735323,0,658.1402550803106
MH,MHL,Marshall Islands,306161.9466940497,157939.84207404972,1728.2158283091865,61177.22029433678,9426.415999333525,85607.98995207023,0,,7365.150633742685,3799.462149054577,41.574630814048604,1471.7029587995087,226.7655223684362,2059.4190370725837,0,
CC,CCK,Cocos (Keeling) Islands,2473.6972612833697,2473.6972612833697,0,,2473.6972612833697,,0,,,,,,,,,
LB,LBN,Lebanon,33271186.30601089,7989916.745816167,0,125483.72657973647,678578.899062562,287935.13969686866,0,6897918.980477,6060.612398039049,1455.4271688306128,0,22.85786331952633,123.60856781242137,52.4496860865667,0,1256.5110516120983
VU,VUT,Vanuatu,526139.5588485224,153998.8562587211,5288.896224511677,8732.80115332286,12750.748075978892,39871.07492840767,0,80924.21023,1610.2698134557213,471.31926381441235,16.186864860475232,26.727064801747137,39.02414175178702,122.02691720758911,0,247.6715744322703
DJ,DJI,Djibouti,2944475.9564807555,1229556.7896814474,0,85050.63461438568,57808.25063255165,754979.80503551,7851.840321,323866.259078,2627.005026083581,1096.987006886251,0,75.88054645575424,51.575413487946776,673.5785150680512,7.0052614767912535,288.9472703977074
SN,SEN,Senegal,36582820.45127846,9345212.088904813,6719.7425267648805,298351.2331334732,477252.4712685759,904754.1591971279,0,7658134.482778871,2112.605214341489,539.6725442326433,0.3880554567951478,17.22935418996546,27.560643135817042,52.24825015781976,0,442.24624129224594
CX,CXR,Christmas Island,3554.262394966173,3554.262394966173,0,,3554.262394966173,,0,,,,,,,,,
SR,SUR,Suriname,6222100.279018879,1266851.6489410968,0,18340.421578836893,124076.81829923403,91771.80656702614,0,529197.4240159999,10067.471812534592,2049.7890896076256,0,29.675136850101765,200.7585565646787,148.48845797525428,0,856.2510905701895
OM,OMN,Oman,172518344.35775667,19280819.903759126,94152.40865305522,909483.6448036461,1093205.3216375965,4148369.8068238297,0,13035608.721840998,37698.23214260887,4213.191515010414,20.573924305859283,198.73785422270277,238.88420763630265,906.4903130923358,0,2848.505215753213
TW,TWN,Taiwan,323020301.68570966,49073966.902389154,191327.3273749142,1851240.7187651335,4276399.618069553,8138932.073610766,446.1994198,34615620.96514899,13519.23053232662,2053.8717480818823,8.0075408029062,77.47918603632174,178.97832422089357,340.6352430973501,0.018674593479687314,1448.7527793309312
HR,HRV,Croatia,25939421.780149184,8449820.899941672,29906.829619364853,518899.4679780189,557549.2697414368,779935.5105928507,54207.163575,6509322.658435,6436.0093520598375,2096.543508031215,7.420390352262715,128.74773605174005,138.33740569483822,193.51519408272185,13.449714287167541,1615.0730675624845
GR,GRC,Greece,88113686.42788558,28890842.736362983,402604.0536810975,4541637.313812096,3828577.3176905317,4542956.722155958,30270.232115000003,15543092.810057001,8484.731101115793,2781.985884829431,38.767951656398225,437.3278763909977,368.6651910429535,437.4549261770648,2.914811424605808,1496.691017245691
LR,LBR,Liberia,5498226.343443693,1277452.9261347367,0,36190.868490785375,37311.97805651221,146413.5196667862,17158.243867,1040378.316053653,1036.8766937788062,240.9069914133505,0,6.825013326425893,7.0364364849615155,27.611225277701262,3.2357676931725674,196.19854863108927
TF,ATF,French Southern Territories,0,0,0,,0,,0,,,,,,,,,
GW,GNB,Guinea-Bissau,3423409.695281231,441782.28802734695,0,38698.541612100744,16423.02776598422,33504.98753623939,4144.185095,349011.5460180226,1625.885721597533,209.8164047231704,0,18.379163423089445,7.799816185284253,15.912580055072787,1.9682047938654026,165.7566402658585
YT,MYT,Mayotte,565506.8580336111,102464.38262561109,0,,58081.56715277074,,0,44382.815472840346,1734.1516652364644,314.2115382570104,0,,178.10968154790166,,0,136.1018567091087
HT,HTI,Haiti,11132304.353571149,1735329.2801779157,4730.45305247061,34356.7211633707,60113.92145724063,191293.1228855338,0,1443377.802592,960.9243156899795,149.7910987779293,0.40832582527180933,2.9656221860905863,5.188946241953008,16.51214405991455,0,124.59027198559241
NI,NIC,Nicaragua,22094357.15161977,2625608.9960149135,3790.8643058203547,31263.856293945533,62073.48219158127,93860.52804256618,0,2434620.265181,3179.7798903141575,377.8728943351086,0.5455743294017313,4.499437610017617,8.933503203558647,13.508237307648471,0,350.386141884482
LA,LAO,Laos,39576808.29351479,2732177.747902143,23460.01196724205,,77832.33841390068,,0,2630885.397521,5256.250707189384,362.86430965002774,3.1157566719116607,,10.33702063077448,,0,349.41153234734156
BH,BHR,Bahrain,77620391.22803342,5025126.542971786,0,147122.47729510386,942078.7839316876,425654.3629159951,0,3510270.9188289996,52722.89863631193,3413.268513184928,0,99.93151715462422,639.897885682285,289.1216016187622,0,2384.3175087292566
DO,DOM,Dominican Republic,44827042.881151296,11133307.078244323,4040.4048835733524,245627.74226410297,2134870.2615786484,1719833.4354742991,1427.6483667,5615859.770594,3992.141550849488,991.4938601518649,0.3598244983666008,21.87475802349178,190.1241690092529,153.16242332781857,0.12714143067201802,500.1290670315254
LI,LIE,Liechtenstein,3702.042437425143,0,0,,0,,0,,94.1348802966192,0,0,,0,,0,
AW,ABW,Aruba,2505535.165483845,841396.7039533448,0,79486.19916900869,339168.4441761936,276521.09554664255,0,139116.11109,23538.30772214613,7904.520681604067,0,746.7349257269829,3186.325747345518,2597.78379018876,0,1306.929504344967
PT,PRT,Portugal,66395774.59714226,24568063.08194185,527653.6230404964,939230.1584106404,4659064.968807677,2736941.9631320382,33765.936595,15671406.431955999,6464.477392813776,2392.014994057643,51.373825188092376,91.44606208052004,453.61953144235434,266.47628638211467,3.2875455567763767,1525.811743407785
MQ,MTQ,Martinique,7120599.159505924,5539745.459756925,0,25907.25829129621,392626.35536906606,162793.05749182607,0,4945421.452853736,19375.410970419405,15073.850184505125,0,70.49459817444622,1068.3506854810005,442.96586865508976,0,13456.67280583427
SB,SLB,Solomon Islands,679973.7852020412,271913.79736554885,5511.699778560631,32640.855980136763,7866.033196924577,98617.52411042691,0,117907.46357099999,938.8375985845664,375.4304976107717,7.6099859977475734,45.06712392600675,10.860606508224226,136.1608955066976,0,162.79445232039893
AZ,AZE,Azerbaijan,90974384.48474967,9431144.092479112,515.5610108344355,237934.49289371833,1152145.9891902371,81776.53726187181,8722.45652,7947538.061293,8782.944057432846,910.5113646107482,0.04977382965543937,22.970920355822745,111.23168160318579,7.8949558829056254,0.8420925087038381,767.2795213949041
FO,FRO,Faroe Islands,819482.529471023,266472.64404049143,0,68808.62578492415,28714.396395304066,168949.6218602632,0,,15435.72291337395,5019.262460736323,0,1296.075076001585,540.8626181070647,3182.3247666276734,0,
BV,BVT,Bouvet Island,0,0,0,,0,,0,,,,,,,,,
ZM,ZMB,Zambia,42753889.02601898,5007205.388991413,15453.297752466839,,207692.9525313113,,0,4784017.354422275,2135.8069319248602,250.13920892368435,0.7719826479582089,,10.375478297620043,,0,238.98966060855096
MD,MDA,Moldova,13258415.694781877,2575327.6354785413,0,,145333.20882604102,,21904.191623,2391999.1447770004,4050.849953614938,786.8410580026805,0,,44.40372332445289,,6.692397920131891,730.8286184208598
AD,AND,Andorra,186574.6711235338,0,0,,0,,0,,2337.3255051555147,0,0,,0,,0,
LS,LSO,Lesotho,2622605.188205278,394745.22055603657,0,,2409.428184036577,,9286.674362999998,383049.118009,1137.3820870288037,171.19471311193323,0,,1.0449306166365446,,4.027482716822518,166.1222997784742
NP,NPL,Nepal,46140472.12717711,6389819.066017004,154937.69198694153,,526048.4432990632,,0,5708832.930730999,1510.4460689579046,209.1759499776088,5.072011988738274,,17.22062576803345,,0,186.8833122208371
SZ,SWZ,Eswatini,3280573.265091893,792002.4202015047,0,,3373.924740504676,,0,788628.495461,2730.0117878385017,659.0847905011398,0,,2.8076965726902356,,0,656.2770939284495
GL,GRL,Greenland,704652.5485004985,255620.44632449845,23622.46873205461,89313.58553115524,28396.74246463563,74682.32821995296,0,39302.071372,12479.236150966926,4526.979887445515,418.34854128244626,1581.7232587956512,502.89984175673203,1322.6070240490376,0,696.0307330428931
GY,GUY,Guyana,16253622.117212381,1390609.596064834,1139.4335032746555,47299.44886174938,102599.39894674522,126331.70978806472,0,1113239.604965,20097.810775481907,1719.5064781703989,1.4089240401256489,58.48637098566063,126.86546363879141,156.21076828006608,0,1376.534951225755
BG,BGR,Bulgaria,68390271.28845412,11347156.822274389,15403.879149019773,208807.63929517078,552360.1737254272,164924.6882117747,44148.777989,10286060.485463997,10084.155889675749,1673.1399970295265,2.271304320307111,30.78871813107091,81.44559151699035,24.31817032818934,6.509744020490853,1516.681180990785
FK,FLK,Falkland Islands,6656582.628222324,83542.86134907353,0,27176.419229130253,788.3506876630025,48548.34973138028,0,6688.167641,1761000.6952969113,22101.286071183473,0,7189.528896595306,208.55838297963032,12843.478764915419,0,1769.3565187830689
AR,ARG,Argentina,480563757.55944276,57445163.552698836,1719295.8097940187,1205394.9794889758,2204414.214887091,3856810.813091749,0,47003404.123877,10559.446267974721,1262.244828803412,37.77815417141271,26.48619109822471,48.437679888044094,84.7458550628398,0,1032.807639882389
US,USA,United States,6877176516.745412,1804332538.1315496,128432988.71828294,17492071.39702296,67295527.05647188,41601779.544904925,39947431.633874,1450640857.8154,20329.24243645121,5333.687962543759,379.653678822191,51.707348107167626,198.928598253751,122.97672745448268,118.08640078107337,4288.159481575588
LU,LUX,Luxembourg,10447791.496258222,6791278.630945648,0,4.9912133161391825,2074984.9603689483,81.19402638477086,10282.47451,4705925.010826999,16133.118637085945,10486.857810073283,0,0.007707259146692911,3204.12008105162,0.12537701013245983,15.877841858928132,7266.726802893456
VC,VCT,St. Vincent & Grenadines,274571.62104313396,98964.5172681717,2348.2507239612232,22964.89028043784,13178.00564239419,33951.319473178446,0,25233.348803,2641.432457027879,952.0579257722294,22.590629198841953,220.92671605454498,126.77498020543148,326.61830408645136,0,242.74972873936971
BA,BIH,Bosnia & Herzegovina,34919795.63768422,3872646.9382266193,0,154.40735154014826,146869.1192342168,143.64126486217975,0,3725479.770376,10799.293290879436,1197.654491792124,0,0.04775200556301334,45.42073242467103,0.04442248643189502,0,1152.141584875458
TV,TUV,Tuvalu,385653.70282651606,17289.430511516035,0,11764.06717365548,282.5124530281737,5242.850884832382,0,,34092.44190474859,1528.415002786071,0,1039.963505450449,24.97458035963346,463.4769169759885,0,
BS,BHS,Bahamas,6150683.679104336,3762774.376954383,47744.142287871575,773342.1279080055,292739.4873822487,2184905.5085182576,0,441495.32829199993,15002.252963784771,9177.856640635691,116.45367206493809,1886.27392266041,714.0266141660375,5329.245796221945,0,1076.859897683812
PG,PNG,Papua New Guinea,43421590.305587076,2997687.516341072,166564.30610453588,428395.1549808835,73717.821247449,735761.0602922038,0,1476178.9200859999,4281.102798664711,295.5536249458544,16.42222019054014,42.23713788500006,7.268125571469713,72.54153319115477,0,145.54219828509758
BF,BFA,Burkina Faso,35482313.47398885,2323799.4811339215,1687.7779212439775,,101554.47670227748,,57725.04717,2162832.1793404,1564.9063209708586,102.48848343446146,0.07443748951955911,,4.47894251965234,,2.5458963170734528,95.3892071082161
AI,AIA,Anguilla,132096.26275894762,30682.49884397362,0,1128.8371378924348,5826.492945683846,2467.2078233973384,0,21259.960937,8330.469998041724,1934.9497915099716,0,71.18856895329728,367.43980233864204,155.5910842780689,0,1340.7303359399634
KG,KGZ,Kyrgyzstan,20754905.0098004,2414763.6185523323,31251.526270214417,,463777.2134861337,,26469.215196,1893265.663599984,3130.1591132236595,364.1835191885186,4.713211152287563,,69.94474176651784,,3.99196503797607,285.53360123173707
CK,COK,Cook Islands,159610.45485991094,85533.53260073393,3870.263296667512,795.4105303185358,32245.808648324368,5298.1282294235225,0,40134.401943,9383.330679595,5028.426372765075,227.5287064472376,46.761348049296636,1895.6971574558709,311.4713832700483,0,2359.459255908289
ST,STP,São Tomé & Príncipe,311002.481586766,125759.12358650568,1216.9623762456524,2724.2220816419026,15240.404785468398,26909.122202749728,1885.7687544,77782.643386,1367.7653337442432,553.0790904499327,5.3521082603819705,11.980922163962981,67.02614471575511,118.34427919232003,8.293468002462838,342.0821681150497
NZ,NZL,New Zealand,87802128.24160886,18869307.805369075,796115.1389837007,876693.2787911817,1726890.477221221,2412444.7022549715,113342.785844,12943821.422274001,16932.93183360478,3639.008634692823,153.53344674079833,169.0732084295379,333.0365598248778,465.2479673751914,21.858532417871487,2496.2589199045456
UA,UKR,Ukraine,261291052.65036157,19853849.887670796,13312.211736619704,385055.4593662184,321143.7500236712,209131.87341428763,70215.193207,17874102.803275,6581.350319449774,500.075069448993,0.33530550731341274,9.698705121360513,8.088908902042583,5.2675746373298065,1.768567195683796,450.2095689882753
TH,THA,Thailand,588288899.0542537,93789780.3516787,2179754.2855109833,1788702.1465998238,6136699.851164011,4702411.770501884,270288.27684699994,78711924.021055,8205.205976513305,1308.1403839416878,30.402295402068724,24.94806474689152,85.5921068301436,65.5872603161091,3.769867131832378,1097.8407895146424
JO,JOR,Jordan,35441785.93219208,9290891.306374194,5737.751574224566,90693.04267904098,985874.9786547143,419138.8133612135,0,7783511.459219,3140.3686390973276,823.2323208435713,0.508401442779994,8.035982937160082,87.35482097209663,37.13837636247504,0,689.6688370995479
NF,NFK,Norfolk Island,9562.157850884052,9562.157850884052,0,616.379374845162,7247.188931298213,1698.589544740677,0,,,,,,,,,
KW,KWT,Kuwait,192242666.17278263,17429264.759308305,0,300739.7388010072,1834187.371147408,1617028.6012158887,0,13677309.048144,45033.58759391124,4082.8726362457505,0,70.44944621238609,429.66548106430156,378.7951998609209,0,3203.962509108142
GN,GIN,Guinea,38766948.90195856,4381758.119510023,0,126843.60822971894,125098.49009506298,639202.6644252827,37148.367571,3453464.9891889584,2797.171358950611,316.1592196677492,0,9.152211305135665,9.026294909791012,46.12071458130638,2.6803850378878074,249.17961383362834
ML,MLI,Mali,53363568.19014331,4755518.5250712205,6469.98328983536,,166796.44876457617,,70357.56558,4511894.527436809,2361.889730235138,210.48087201154047,0.28636366729835144,,7.382467716045841,,3.1140498513073838,199.69799077688887
PL,POL,Poland,444462618.7036464,74562043.46805018,107972.53835317188,589739.7647488614,2490510.680768095,1405147.4318010604,319705.733323,68984824.632732,11151.390987795423,1870.7321258790125,2.7089882038511206,14.796337016926937,62.48592613149208,35.25459228317703,8.02129016771547,1730.8019152382863
SK,SVK,Slovakia,45142987.270615764,7626450.628609533,12.645125818112897,1415.80752925296,120596.91657100567,12403.369889456928,0,7177813.1752,7999.178387879861,1351.3801973028806,0.0022406717692364754,0.2508761088739394,21.369348973227147,2.197833469944186,0,1271.8832202908397
SE,SWE,Sweden,76874896.85381871,20437988.52294134,350797.3292201035,1164745.1832036295,1879619.4143090867,3146647.7974235183,45337.688742,13850841.110043,7287.171125740647,1937.3700119013376,33.25298989786795,110.40922089335288,178.17400587060857,298.27891692476493,4.297677263057135,1312.957201051686
TR,TUR,Turkey,732409965.2512723,115136412.64174335,3032763.3097373364,5983095.18920168,13185430.66039199,8237866.002311345,356942.43532000005,83959710.10517499,8582.133991363828,1349.1298145259377,35.53690190346935,70.10789999177163,154.50244812343414,96.52854711019899,4.182531577200759,983.8116849645413
DE,DEU,Germany,854728728.6567405,173092532.55476806,854678.6144402927,1668162.288339101,20712130.274272744,6538469.723363911,801990.6715489998,141501115.084558,10252.253067775846,2076.200773878968,10.251651960533172,20.00918111767466,248.43671918960848,78.42727643572402,9.619673525701613,1697.269779967776
IM,IMN,Isle of Man,624157.469590206,15852.369590206015,15446.394379978756,,405.9752102272592,,0,,7384.818438341746,187.55983376762637,182.75647345542131,,4.803360312205056,,0,
CY,CYP,Cyprus,11891592.033229582,3705112.7601695783,230.4600435637268,442462.8449472706,901557.0898375483,379226.618360196,0,1981635.7469809998,9501.962490435051,2960.5659504282726,0.18414882409078376,353.54941073927245,720.3881218497886,303.02057899092597,0,1583.423690024195
MZ,MOZ,Mozambique,34070031.093990356,6964634.761730245,92601.27689825873,244676.2001042198,115041.60715050821,1162854.3277295786,0,5349461.34984768,1033.379714377091,211.2446642905197,2.808693681789911,7.421285324954397,3.4893323933491605,35.27058926762529,0,162.25476362280094
ID,IDN,Indonesia,1597689599.5123656,162269096.6726153,8035101.187576927,12727557.12110934,2940754.589929621,8133200.881364397,0,130432482.892635,5799.208110245757,588.9956733481259,29.165379800847095,46.19780494464073,10.674193456205385,29.521456813552536,0,473.43683833288014
SJ,SJM,Svalbard & Jan Mayen,570884.5897928778,46690.70979287782,0,20446.121074866194,0,26244.58871801162,0,,,,,,,,,
SV,SLV,El Salvador,15361951.608571261,4605715.064944944,0,49270.73908788353,462414.602665702,171124.47294335926,0,3922905.250248,2424.400448799768,726.8671295817785,0,7.775835063216343,72.97758766593071,27.006610850995212,0,619.1070960016363
SL,SLE,Sierra Leone,11780759.940606521,1598766.0590091066,0,61136.64246988724,52787.25854378759,255327.124692615,11140.711669999999,1218374.3216328167,1368.9456173914275,185.7795083465559,0,7.104188455848453,6.133974938963557,29.6694737955177,1.294570850450828,141.57730030577537
GA,GAB,Gabon,20520175.24105719,1395055.490128761,7296.304628798176,105665.99715418032,132441.03531655314,380407.41186073277,0,769244.7411684965,8589.470053083975,583.9515118212036,3.054135228915867,44.230368772344285,55.43804052778458,159.23343898210322,0,321.99552831005565
MA,MAR,Morocco,119536737.42104284,26764660.126942825,80809.65226176065,569257.8656325795,2127380.480493812,4346800.174907668,47623.286484000004,19592788.667163003,3191.222968831997,714.5250907194846,2.157341951643901,15.197242414240204,56.79379912205634,116.04473117104148,1.2713792341822254,523.0605968263204
UG,UGA,Uganda,47184595.91389828,3120661.934183255,5305.248694070523,,285920.2418215755,,138464.44678399997,2690971.996883609,998.624557525707,66.04633531031553,0.11228138181680375,,6.0512751979001616,,2.930490220898236,56.952288509700324
SY,SYR,Syria,46576716.53801996,5647445.697913804,858.7220982887759,9914.557376018762,91600.86369985892,18431.886922951253,0,5526639.667816686,2105.1386376722794,255.2489103247518,0.03881186142984316,0.44811054447426835,4.1401054379030455,0.8330702593652732,0,249.78881222157935
EH,ESH,Western Sahara,590007.8171150882,245321.51544147637,22475.748827310836,23440.99585110821,3264.7215251685016,49179.39878573442,827.7622156,146132.8882365544,1024.3440241865048,425.915760871751,39.021345705122755,40.697162519763,5.6680570798048935,85.38297595034327,1.4371221099123936,253.70909750680468
CA,CAN,Canada,1027090399.5904667,185635402.46163633,6379030.638021093,2951328.3475096785,10552789.069190174,7784823.289340392,7705448.179769,141674579.74784,26709.358340622286,4827.4255966470655,165.88589986300093,76.7489273056236,274.4239697444237,202.44336324857258,200.37922337761887,3684.2298591739755
TK,TKL,Tokelau,1544.0678991120674,880.0312076120674,0,0.4525746469795704,0,879.5786329650879,0,,825.2634415350441,470.35339797545026,0,0.2418891752964032,0,470.11150880015384,0,
BR,BRA,Brazil,1501037902.4919434,244296587.12850347,9832707.008674923,7207449.237568993,5929852.851702145,21649591.696750414,3351253.400572,194558068.70622,6971.4064210314555,1134.608788569788,45.66693263547705,33.4742099520811,27.540553224870955,100.54916156139181,15.564530007180508,903.6036779552948
AF,AFG,Afghanistan,34503616.60645195,4073738.3658825643,35915.69426757381,,77106.90792823938,,0,3858328.883579751,838.916791519298,99.04838551783044,0.8732498782318054,,1.8747681015860984,,0,93.8109452280923
SD,SDN,Sudan,117526807.8081575,15887058.063106997,99825.72636153708,150577.40768096384,393313.18130417896,216804.62618562698,90144.063866,14936393.05770869,2507.281143550886,338.92966082382964,2.129651660037514,3.2123725808968158,8.390823688529814,4.625243901435147,1.923106019379017,318.6484629735513
RW,RWA,Rwanda,9816450.877508,1156040.9290642198,1401.7177603869648,,210467.4526136501,,0,944171.7586901828,712.540180347134,83.91277278954796,0.10174555328039889,,15.277060774189149,,0,68.53396646207841
IS,ISL,Iceland,6731917.631679967,2472790.822298616,17972.845392489606,180514.21829105174,821490.2243367323,361140.87591104227,0,1090324.3153420002,18052.973284061503,6631.279390875296,48.197752180192985,484.08470490871963,2202.9890863901983,968.4709381950084,0,2923.9210597589695
EC,ECU,Ecuador,85989486.07017939,22783969.04644385,292607.5836967068,539970.0790907701,700664.753216404,1097279.6290579706,0,20153447.001382,4776.928285660762,1265.70574115015,16.255073812383024,29.996671245529143,38.92365719773368,60.95659291472533,0,1119.573745979779
PR,PRI,Puerto Rico,19675296.815831043,6447233.660175691,2575.489647813036,116338.57989935155,1177247.789737349,619254.5929998204,0,4522123.880562357,6049.457160752342,1982.2960841541944,0.791871880675769,35.76999431478027,361.9620145133585,190.39886244243735,0,1390.3929860445992
MP,MNP,Northern Mariana Islands,409946.6041190408,79468.47591804081,205.86741736313616,19852.16983308632,26772.822423461228,32637.616244130135,0,,8273.225648706199,1603.7713854017238,4.154657168637084,400.641154226682,540.3084180634341,658.6671559429706,0,
IT,ITA,Italy,417799686.83559066,117195528.10226133,2734643.4294073237,6695087.875752023,9066136.749514941,6859892.992946044,176860.75916299998,91220017.387785,7076.855741415879,1985.104039211795,46.32046807096326,113.40403682840535,153.56579703113553,116.19557084955979,2.995737235692028,1545.1206023446227
BJ,BEN,Benin,20128645.239742357,7673019.117660149,0,94579.90186143189,111271.33723201977,352180.76978569775,0,7114987.108781,1507.4402944373849,574.6347089029102,0,7.083117289401876,8.333143903212058,26.37492374562474,0,532.8435239646716
LC,LCA,St. Lucia,893551.6595532404,413805.820583008,0,34183.85347424774,181777.96419906864,116118.97744119162,0,77754.01919099998,4968.12278395192,2300.7490427562343,0,190.0612902152696,1010.6805083987203,645.6183381308018,0,432.3102197356788
MN,MNG,Mongolia,87186365.2189821,3164382.879134352,5948.9430827245515,,109251.96222354683,580.9716320800782,868760.1815440002,2124301.8085200004,25655.3782667853,931.1483457444996,1.7505304263062165,,32.1483801990565,0.1709561689588697,255.64055829890017,625.0950628978752
SM,SMR,San Marino,896.1597825533712,0,0,,0,,0,,26.623879457913585,0,0,,0,,0,
MX,MEX,Mexico,924583501.7645957,170193612.39045653,6437581.069010661,2732326.400146298,7852534.130126792,7965295.982254744,1825403.696283,143380471.11263502,7251.400703817196,1334.808676899328,50.48919843974194,21.429317680085237,61.58651047663589,62.47088854776066,14.31642855698198,1124.516333198122
QA,QAT,Qatar,267549994.94816425,32433291.725315128,0,624454.2399308422,11439432.14392987,5095122.456974416,0,15274282.88448,99271.94203014344,12034.071825065852,0,231.69794908387902,4244.495107802122,1890.4978909950705,0,5667.380877184781
ET,ETH,Ethiopia,185352958.70540354,15198822.547015272,118759.94403701258,,2464586.103720415,,0,12615476.499257844,1502.294317391568,123.18716087890662,0.9625548483642491,,19.975584550695743,,0,102.24902147984662
